device_time_stamp,left_gaze_origin_validity,right_gaze_origin_validity,left_gaze_origin_in_user_x,left_gaze_origin_in_user_y,left_gaze_origin_in_user_z,right_gaze_origin_in_user_x,right_gaze_origin_in_user_y,right_gaze_origin_in_user_z,left_gaze_origin_in_trackbox_x,left_gaze_origin_in_trackbox_y,left_gaze_origin_in_trackbox_z,right_gaze_origin_in_trackbox_x,right_gaze_origin_in_trackbox_y,right_gaze_origin_in_trackbox_z,left_gaze_point_validity,right_gaze_point_validity,left_gaze_point_in_user_x,left_gaze_point_in_user_y,left_gaze_point_in_user_z,right_gaze_point_in_user_x,right_gaze_point_in_user_y,right_gaze_point_in_user_z,left_gaze_point_on_display_area_x,left_gaze_point_on_display_area_y,right_gaze_point_on_display_area_x,right_gaze_point_on_display_area_y,left_pupil_validity,right_pupil_validity,left_pupil_diameter,right_pupil_diameter,text_file,font_size,font_name
0.27152371406555176,1,1,-75.85963439941406,92.55492401123047,562.14501953125,-15.231731414794922,99.03449249267578,568.1265258789062,0.690783679485321,0.19171607494354248,0.34948351979255676,0.5362166166305542,0.1750602275133133,0.3537895381450653,1,1,-99.47203826904297,152.88482666015625,47.599605560302734,-107.42916870117188,157.74037170410156,49.36689376831055,0.33546024560928345,0.5733222961425781,0.3222668468952179,0.5580912828445435,1,1,4.43743896484375,4.611968994140625,,,
0.2812051773071289,1,1,-75.85971069335938,92.36891174316406,562.6915283203125,-15.296416282653809,99.00379180908203,568.5385131835938,0.6906027793884277,0.1926509141921997,0.350492924451828,0.5363532900810242,0.1754014492034912,0.3545938730239868,1,1,-85.64488983154297,143.98460388183594,44.3602294921875,-93.80511474609375,148.52215576171875,46.01177978515625,0.35838645696640015,0.6012408137321472,0.344856321811676,0.5870072245597839,1,1,4.46539306640625,4.6214599609375,,,
0.291872501373291,1,1,-75.85971069335938,92.36891174316406,562.6915283203125,-15.273664474487305,98.89431762695312,568.3480834960938,0.6906027793884277,0.1926509141921997,0.350492924451828,0.5363105535507202,0.17565716803073883,0.35418006777763367,1,1,-85.64488983154297,143.98460388183594,44.3602294921875,-83.71866607666016,139.7555694580078,42.82099533081055,0.35838645696640015,0.6012408137321472,0.3615802228450775,0.6145064830780029,1,1,4.46539306640625,4.619903564453125,,,
0.3045189380645752,1,1,-75.73074340820312,92.18388366699219,562.364013671875,-15.258440017700195,98.75787353515625,568.0800170898438,0.6903902888298035,0.19309724867343903,0.3497588038444519,0.5362922549247742,0.1759577989578247,0.3536044955253601,1,1,-73.27958679199219,133.6878204345703,40.612510681152344,-72.53350067138672,133.27549743652344,40.462440490722656,0.3788888454437256,0.633540153503418,0.38012588024139404,0.6348334550857544,1,1,4.4723968505859375,4.6072540283203125,,,
0.3145439624786377,1,1,-75.50334167480469,91.70169830322266,560.7025756835938,-15.276714324951172,98.43077850341797,566.8258666992188,0.6903856992721558,0.19380900263786316,0.34629368782043457,0.5364252924919128,0.17632202804088593,0.3510230779647827,1,1,-58.84124755859375,119.16581726074219,35.32692337036133,-60.83487319946289,124.1041259765625,37.12432098388672,0.40282848477363586,0.6790932416915894,0.39952290058135986,0.6636025309562683,1,1,4.438720703125,4.580535888671875,,,
0.32522058486938477,1,1,-75.50334167480469,91.70169830322266,560.7025756835938,-15.324110984802246,98.42057800292969,566.7860717773438,0.6903856992721558,0.19380900263786316,0.34629368782043457,0.5365474224090576,0.17633166909217834,0.35094383358955383,1,1,-58.84124755859375,119.16581726074219,35.32692337036133,-60.18720245361328,121.18346405029297,36.06129837036133,0.40282848477363586,0.6790932416915894,0.4005967676639557,0.6727641224861145,1,1,4.438720703125,4.5621795654296875,,,
0.33785390853881836,1,1,-75.57698822021484,91.65377807617188,560.6790771484375,-15.3815279006958,98.42142486572266,566.77734375,0.6905824542045593,0.19395628571510315,0.34625184535980225,0.5366925597190857,0.1763221174478531,0.35092994570732117,1,1,-59.51394271850586,118.70903778076172,35.16067123413086,-60.957496643066406,119.5128173828125,35.4532356262207,0.40171313285827637,0.6805261373519897,0.3993195593357086,0.6780046820640564,1,1,4.434539794921875,4.547943115234375,,,
0.3478565216064453,1,1,-75.82792663574219,91.65210723876953,561.3106689453125,-15.506623268127441,98.49531555175781,567.2909545898438,0.6910069584846497,0.19430705904960632,0.34755322337150574,0.5369726419448853,0.1763702780008316,0.35197362303733826,1,1,-59.25498580932617,119.65499114990234,35.504974365234375,-62.181495666503906,120.27791595458984,35.73172378540039,0.4021425247192383,0.6775588393211365,0.39729011058807373,0.6756046414375305,1,1,4.4260711669921875,4.5410919189453125,,,
0.3586733341217041,1,1,-75.82792663574219,91.65210723876953,561.3106689453125,-15.549416542053223,98.485595703125,567.3117065429688,0.6910069584846497,0.19430705904960632,0.34755322337150574,0.5370792150497437,0.17641369998455048,0.3520134389400482,1,1,-59.25498580932617,119.65499114990234,35.504974365234375,-61.57626724243164,120.55829620361328,35.83375930786133,0.4021425247192383,0.6775588393211365,0.3982936441898346,0.6747251749038696,1,1,4.4260711669921875,4.5370025634765625,,,
0.37062549591064453,1,1,-75.88575744628906,91.61466217041016,561.318359375,-15.596084594726562,98.48003387451172,567.3302001953125,0.6911523938179016,0.19443653523921967,0.34757179021835327,0.5371955037117004,0.17644177377223969,0.3520505428314209,1,1,-58.87422561645508,120.31732177734375,35.746028900146484,-60.92798614501953,121.82283782958984,36.29399871826172,0.40277376770973206,0.6754811406135559,0.399368554353714,0.6707586050033569,1,1,4.42388916015625,4.5392303466796875,,,
0.38079142570495605,1,1,-75.99050903320312,91.54524993896484,561.3594360351562,-15.677197456359863,98.48259735107422,567.3826293945312,0.6914066672325134,0.19469156861305237,0.34765759110450745,0.5373960733413696,0.17646142840385437,0.3521590530872345,1,1,-59.508811950683594,121.41688537597656,36.146240234375,-60.35921096801758,122.17511749267578,36.42219161987305,0.40172162652015686,0.6720319986343384,0.4003116190433502,0.6696536540985107,1,1,4.416229248046875,4.5284576416015625,,,
0.39173293113708496,1,1,-75.99050903320312,91.54524993896484,561.3594360351562,-15.698709487915039,98.4893569946289,567.3695678710938,0.6914066672325134,0.19469156861305237,0.34765759110450745,0.5374509692192078,0.1764305979013443,0.35213685035705566,1,1,-59.508811950683594,121.41688537597656,36.146240234375,-61.622257232666016,121.33071899414062,36.11485290527344,0.40172162652015686,0.6720319986343384,0.3982173502445221,0.6723023056983948,1,1,4.416229248046875,4.5235595703125,,,
0.4040529727935791,1,1,-76.00578308105469,91.52787780761719,561.3222045898438,-15.718005180358887,98.4939956665039,567.34326171875,0.6914586424827576,0.1947292685508728,0.34758326411247253,0.5375011563301086,0.1763991415500641,0.3520876467227936,1,1,-62.176597595214844,121.63666534423828,36.22624588012695,-62.097572326660156,120.60063934326172,35.8491325378418,0.39729824662208557,0.6713425517082214,0.3974292576313019,0.6745923161506653,1,1,4.412567138671875,4.5139923095703125,,,
0.41451072692871094,1,1,-76.04730987548828,91.49867248535156,561.1890258789062,-15.747759819030762,98.51138305664062,567.2593994140625,0.6916104555130005,0.19475294649600983,0.34732434153556824,0.5375812649726868,0.17629122734069824,0.35193005204200745,1,1,-62.530311584472656,122.17469787597656,36.42206573486328,-63.74391555786133,119.95580291748047,35.614444732666016,0.3967117667198181,0.6696548461914062,0.3946995437145233,0.6766151189804077,1,1,4.3915863037109375,4.501434326171875,,,
0.42519640922546387,1,1,-76.04730987548828,91.49867248535156,561.1890258789062,-15.763504981994629,98.52230072021484,567.2838745117188,0.6916104555130005,0.19475294649600983,0.34732434153556824,0.5376190543174744,0.17626845836639404,0.3519829213619232,1,1,-62.530311584472656,122.17469787597656,36.42206573486328,-63.4660530090332,121.69757843017578,36.24839401245117,0.3967117667198181,0.6696548461914062,0.3951602876186371,0.6711515784263611,1,1,4.3915863037109375,4.4921112060546875,,,
0.4376683235168457,1,1,-76.07837677001953,91.5195083618164,561.2232055664062,-15.784016609191895,98.54840850830078,567.3237915039062,0.691677451133728,0.1947004795074463,0.3474061191082001,0.5376675128936768,0.1762036681175232,0.35207152366638184,1,1,-60.70145034790039,122.19957733154297,36.43112564086914,-62.576534271240234,122.59412384033203,36.57472610473633,0.39974409341812134,0.6695768237113953,0.39663514494895935,0.6683393120765686,1,1,4.3769378662109375,4.487640380859375,,,
0.4476890563964844,1,1,-76.11709594726562,91.59465026855469,561.3173217773438,-15.814787864685059,98.60607147216797,567.4139404296875,0.6917421221733093,0.19449719786643982,0.3476245105266571,0.5377377867698669,0.1760621815919876,0.3522705137729645,1,1,-60.512210845947266,119.9626693725586,35.61696243286133,-61.17066955566406,122.04769897460938,36.37586212158203,0.40005791187286377,0.6765936017036438,0.3989661633968353,0.6700533032417297,1,1,4.355316162109375,4.4735870361328125,,,
0.45867300033569336,1,1,-76.11709594726562,91.59465026855469,561.3173217773438,-15.813935279846191,98.6112060546875,567.3749389648438,0.6917421221733093,0.19449719786643982,0.3476245105266571,0.5377380847930908,0.17602232098579407,0.3521954417228699,1,1,-60.512210845947266,119.9626693725586,35.61696243286133,-61.68132400512695,122.06033325195312,36.380470275878906,0.40005791187286377,0.6765936017036438,0.39811939001083374,0.6700135469436646,1,1,4.355316162109375,4.476348876953125,,,
0.4706554412841797,1,1,-76.10942840576172,91.5927963256836,561.2341918945312,-15.80687141418457,98.6158676147461,567.3081665039062,0.6917510628700256,0.19445738196372986,0.3474593460559845,0.5377246737480164,0.17596793174743652,0.3520650565624237,1,1,-59.31171417236328,121.42658233642578,36.14977264404297,-62.03998565673828,121.21939086914062,36.074378967285156,0.40204837918281555,0.6720015406608582,0.39752474427223206,0.6726515293121338,1,1,4.3496246337890625,4.46661376953125,,,
0.48063158988952637,1,1,-76.05142211914062,91.60263061523438,560.9483642578125,-15.775031089782715,98.61026000976562,567.09716796875,0.6917007565498352,0.19426648318767548,0.34688782691955566,0.53765869140625,0.17586451768875122,0.35164573788642883,1,1,-59.44270706176758,121.77096557617188,36.275108337402344,-62.96398162841797,121.03346252441406,36.006710052490234,0.4018312096595764,0.6709213256835938,0.3959926962852478,0.673234760761261,1,1,4.3281097412109375,4.4535369873046875,,,
0.49159669876098633,1,1,-76.05142211914062,91.60263061523438,560.9483642578125,-15.760053634643555,98.60517120361328,567.0007934570312,0.6917007565498352,0.19426648318767548,0.34688782691955566,0.5376275181770325,0.17582574486732483,0.35145336389541626,1,1,-59.44270706176758,121.77096557617188,36.275108337402344,-61.805198669433594,120.69978332519531,35.88525390625,0.4018312096595764,0.6709213256835938,0.3979140520095825,0.6742813587188721,1,1,4.3281097412109375,4.448272705078125,,,
0.503565788269043,1,1,-75.99935913085938,91.60835266113281,560.806396484375,-15.732338905334473,98.60005950927734,566.877197265625,0.6916164755821228,0.19416937232017517,0.34659814834594727,0.5375660061836243,0.1757715493440628,0.3512066602706909,1,1,-60.75728988647461,122.06173706054688,36.380950927734375,-62.16929626464844,121.19265747070312,36.06465148925781,0.39965155720710754,0.6700091361999512,0.39731040596961975,0.6727353930473328,1,1,4.3186798095703125,4.446563720703125,,,
0.5145118236541748,1,1,-75.89016723632812,91.62503814697266,560.4475708007812,-15.677005767822266,98.58283996582031,566.6065063476562,0.6914603114128113,0.19391560554504395,0.3458724319934845,0.5374449491500854,0.17567268013954163,0.3506646752357483,1,1,-59.66998291015625,121.84622955322266,36.3025016784668,-60.59990692138672,121.18263244628906,36.06097412109375,0.401454359292984,0.6706851720809937,0.3999125361442566,0.6727668642997742,1,1,4.295745849609375,4.4330902099609375,,,
0.5245425701141357,1,1,-75.89016723632812,91.62503814697266,560.4475708007812,-15.65404987335205,98.58552551269531,566.5661010742188,0.6914603114128113,0.19391560554504395,0.3458724319934845,0.5373896956443787,0.17564068734645844,0.3505847156047821,1,1,-59.66998291015625,121.84622955322266,36.3025016784668,-60.325435638427734,120.85519409179688,35.94179916381836,0.401454359292984,0.6706851720809937,0.4003676176071167,0.6737939119338989,1,1,4.295745849609375,4.4344482421875,,,
0.5372984409332275,1,1,-75.8423843383789,91.6568603515625,560.3970336914062,-15.613999366760254,98.58832550048828,566.5234985351562,0.6913550496101379,0.19378075003623962,0.34577110409736633,0.5372915267944336,0.1756075620651245,0.35049962997436523,1,1,-60.26055908203125,120.62577819824219,35.85829544067383,-60.246925354003906,120.38703918457031,35.77140426635742,0.4004751443862915,0.674513578414917,0.40049776434898376,0.675262451171875,1,1,4.300628662109375,4.427154541015625,,,
0.5472750663757324,1,1,-75.85839080810547,91.72222137451172,560.4760131835938,-15.623847961425781,98.60478973388672,566.586669921875,0.6913674473762512,0.19360263645648956,0.34595081210136414,0.5373119115829468,0.17558898031711578,0.3506302535533905,1,1,-66.68534088134766,117.98114013671875,34.89573287963867,-63.92514419555664,119.2775650024414,35.36759948730469,0.38982245326042175,0.6828093528747559,0.3943990468978882,0.6787426471710205,1,1,4.286041259765625,4.4185791015625,,,
0.5582435131072998,1,1,-75.85839080810547,91.72222137451172,560.4760131835938,-15.708333015441895,98.6628646850586,566.967041015625,0.6913674473762512,0.19360263645648956,0.34595081210136414,0.5374983549118042,0.1756141632795334,0.3514039218425751,1,1,-66.68534088134766,117.98114013671875,34.89573287963867,-73.17797088623047,119.19664764404297,35.33816909790039,0.38982245326042175,0.6828093528747559,0.3790573179721832,0.6789963841438293,1,1,4.286041259765625,4.4105224609375,,,
0.5701780319213867,1,1,-76.1175765991211,91.83627319335938,561.153564453125,-15.901193618774414,98.7555160522461,567.567138671875,0.6917938590049744,0.19358715415000916,0.34738147258758545,0.5379418730735779,0.17564859986305237,0.35262829065322876,1,1,-85.6764144897461,115.31160736083984,33.92408752441406,-91.10368347167969,117.92540740966797,34.8754768371582,0.35833418369293213,0.6911832690238953,0.3493354916572571,0.6829841136932373,1,1,4.2617034912109375,4.420745849609375,,,
0.5811574459075928,1,1,-76.6048583984375,92.02473449707031,562.1030883789062,-16.279876708984375,98.87989044189453,568.3276977539062,0.692704439163208,0.19346505403518677,0.3494289517402649,0.5388398170471191,0.17566514015197754,0.354189932346344,1,1,-133.82205200195312,111.4352798461914,32.513248443603516,-131.75662231445312,114.78507995605469,33.732505798339844,0.27850592136383057,0.703342616558075,0.28193050622940063,0.6928349137306213,1,1,4.2357025146484375,4.4158477783203125,,,
0.5912914276123047,1,1,-76.6048583984375,92.02473449707031,562.1030883789062,-16.330724716186523,98.831787109375,567.999755859375,0.692704439163208,0.19346505403518677,0.3494289517402649,0.5389910340309143,0.17563346028327942,0.3535304069519043,1,1,-133.82205200195312,111.4352798461914,32.513248443603516,-141.17105102539062,113.22098541259766,33.163211822509766,0.27850592136383057,0.703342616558075,0.2663208842277527,0.6977412700653076,1,1,4.2357025146484375,4.4022369384765625,,,
0.6042637825012207,1,1,-76.49736022949219,91.9341049194336,561.386474609375,-16.294485092163086,98.73467254638672,567.3755493164062,0.6926787495613098,0.19337497651576996,0.3479694724082947,0.5389447808265686,0.1755954474210739,0.3522656261920929,1,1,-135.01339721679688,111.15559387207031,32.41145324707031,-143.58709716796875,112.9014663696289,33.04689407348633,0.27653056383132935,0.7042199969291687,0.26231491565704346,0.698743462562561,1,1,4.2234039306640625,4.3867645263671875,,,
0.6139800548553467,1,1,-76.350830078125,91.95513153076172,560.9734497070312,-16.179258346557617,98.70299530029297,567.0499267578125,0.6924468874931335,0.1930769681930542,0.34712928533554077,0.5386776924133301,0.17551475763320923,0.3516070544719696,1,1,-131.8322296142578,110.65507507324219,32.22925567626953,-141.4601287841797,113.8755111694336,33.40140151977539,0.281805157661438,0.7057899832725525,0.2658415734767914,0.6956881284713745,1,1,4.2094573974609375,4.3680267333984375,,,
0.6246929168701172,1,1,-76.350830078125,91.95513153076172,560.9734497070312,-16.149080276489258,98.74417877197266,567.2020874023438,0.6924468874931335,0.1930769681930542,0.34712928533554077,0.5385904908180237,0.1754664033651352,0.3519190549850464,1,1,-131.8322296142578,110.65507507324219,32.22925567626953,-141.17169189453125,114.44776153564453,33.609683990478516,0.281805157661438,0.7057899832725525,0.26631975173950195,0.6938929557800293,1,1,4.2094573974609375,4.365875244140625,,,
0.6372647285461426,1,1,-76.3614273071289,92.05181884765625,561.30224609375,-16.120201110839844,98.8228759765625,567.4808959960938,0.6923589706420898,0.19293294847011566,0.34780627489089966,0.538497269153595,0.17536646127700806,0.35249364376068115,1,1,-131.69448852539062,111.22943878173828,32.43829345703125,-140.87799072265625,112.77440643310547,33.000640869140625,0.2820335328578949,0.7039883136749268,0.2668067514896393,0.6991420388221741,1,1,4.2097625732421875,4.3621063232421875,,,
0.6476356983184814,1,1,-76.27657318115234,92.15662384033203,561.3167724609375,-16.0380802154541,98.87616729736328,567.4827270507812,0.6921355724334717,0.1925884336233139,0.34784582257270813,0.538289487361908,0.17519137263298035,0.3525109887123108,1,1,-130.63690185546875,111.80441284179688,32.647613525390625,-140.2949981689453,112.8400650024414,33.024532318115234,0.2837870419025421,0.7021846771240234,0.2677733600139618,0.6989360451698303,1,1,4.1973724365234375,4.3466796875,,,
0.65854811668396,1,1,-76.27657318115234,92.15662384033203,561.3167724609375,-16.00542449951172,98.90045166015625,567.4815673828125,0.6921355724334717,0.1925884336233139,0.34784582257270813,0.538206934928894,0.17511029541492462,0.35251525044441223,1,1,-130.63690185546875,111.80441284179688,32.647613525390625,-139.3720245361328,112.27796936035156,32.819942474365234,0.2837870419025421,0.7021846771240234,0.26930364966392517,0.7006991505622864,1,1,4.1973724365234375,4.3409423828125,,,
0.670515775680542,1,1,-76.23627471923828,92.19532775878906,561.3176879882812,-15.97004222869873,98.91352844238281,567.479736328125,0.692031741142273,0.19245894253253937,0.3478492498397827,0.5381177663803101,0.17506641149520874,0.35251402854919434,1,1,-131.6370849609375,111.66409301757812,32.596561431884766,-139.64413452148438,114.04815673828125,33.4642448425293,0.2821286916732788,0.7026248574256897,0.26885250210762024,0.6951464414596558,1,1,4.193634033203125,4.338897705078125,,,
0.6803405284881592,1,1,-76.16593170166016,92.30072021484375,561.391357421875,-15.900896072387695,98.9701919555664,567.5249633789062,0.6918252110481262,0.1921451985836029,0.34800854325294495,0.5379396080970764,0.17490506172180176,0.3526187837123871,1,1,-130.84996032714844,111.0267333984375,32.364540100097656,-139.6204833984375,113.603759765625,33.30248260498047,0.28343382477760315,0.7046242356300354,0.2688917815685272,0.6965404748916626,1,1,4.18035888671875,4.3296661376953125,,,
0.691504955291748,1,1,-76.16593170166016,92.30072021484375,561.391357421875,-15.880891799926758,98.9932861328125,567.5843505859375,0.6918252110481262,0.1921451985836029,0.34800854325294495,0.5378848910331726,0.1748630255460739,0.3527425527572632,1,1,-130.84996032714844,111.0267333984375,32.364540100097656,-140.06326293945312,114.02348327636719,33.45526123046875,0.28343382477760315,0.7046242356300354,0.26815760135650635,0.6952237486839294,1,1,4.18035888671875,4.326904296875,,,
0.7035737037658691,1,1,-76.15412139892578,92.3345718383789,561.4880981445312,-15.856365203857422,99.01800537109375,567.6612548828125,0.691761314868927,0.1920851469039917,0.34820556640625,0.5378175377845764,0.17482590675354004,0.35290125012397766,1,1,-129.72535705566406,111.94766235351562,32.699729919433594,-139.69512939453125,113.66307830810547,33.324073791503906,0.2852984666824341,0.7017353773117065,0.2687680125236511,0.6963543891906738,1,1,4.180633544921875,4.32666015625,,,
0.7145452499389648,1,1,-76.12789916992188,92.4202651977539,561.76171875,-15.824432373046875,99.06898498535156,567.858154296875,0.6915993094444275,0.19194918870925903,0.34876134991645813,0.5377231240272522,0.17477130889892578,0.3533046841621399,1,1,-130.3912811279297,110.71737670898438,32.25197219848633,-138.95953369140625,113.33143615722656,33.20338821411133,0.28419429063796997,0.7055944800376892,0.26998767256736755,0.6973947882652283,1,1,4.173126220703125,4.316009521484375,,,
0.7248477935791016,1,1,-76.12789916992188,92.4202651977539,561.76171875,-15.815320014953613,99.08588409423828,567.9532470703125,0.6915993094444275,0.19194918870925903,0.34876134991645813,0.5376935601234436,0.17477062344551086,0.35349732637405396,1,1,-130.3912811279297,110.71737670898438,32.25197219848633,-138.66871643066406,113.81293487548828,33.3786506652832,0.28419429063796997,0.7055944800376892,0.2704698443412781,0.6958842277526855,1,1,4.173126220703125,4.3233184814453125,,,
0.7367274761199951,1,1,-76.13199615478516,92.44902038574219,561.9063720703125,-15.812178611755371,99.112060546875,568.0746459960938,0.6915597319602966,0.19193290174007416,0.3490546941757202,0.5376770496368408,0.1747540831565857,0.3537452518939972,1,1,-131.59449768066406,110.82927703857422,32.292694091796875,-138.59129333496094,113.9308090209961,33.42155456542969,0.28219932317733765,0.7052434682846069,0.27059823274612427,0.6955146193504333,1,1,4.162994384765625,4.323333740234375,,,
0.7476668357849121,1,1,-76.16531372070312,92.5233383178711,562.285400390625,-15.806297302246094,99.1640853881836,568.3577270507812,0.6915135979652405,0.19189293682575226,0.3498288691043854,0.5376424193382263,0.17474563419818878,0.35432031750679016,1,1,-130.71942138671875,111.55199432373047,32.555728912353516,-138.4322052001953,114.76515197753906,33.7252311706543,0.2836502492427826,0.7029765248298645,0.27086204290390015,0.6928974390029907,1,1,4.15380859375,4.3160400390625,,,
0.7584919929504395,1,1,-76.16531372070312,92.5233383178711,562.285400390625,-15.80514907836914,99.18799591064453,568.4659423828125,0.6915135979652405,0.19189293682575226,0.3498288691043854,0.5376318693161011,0.17472895979881287,0.3545416295528412,1,1,-130.71942138671875,111.55199432373047,32.555728912353516,-138.1723175048828,114.5439682006836,33.64472579956055,0.2836502492427826,0.7029765248298645,0.27129295468330383,0.6935912370681763,1,1,4.15380859375,4.3052520751953125,,,
0.7703590393066406,1,1,-76.18021392822266,92.55582427978516,562.4175415039062,-15.808335304260254,99.21235656738281,568.5798950195312,0.6915057897567749,0.19185663759708405,0.3501017987728119,0.5376318693161011,0.17471401393413544,0.3547746539115906,1,1,-130.1133270263672,110.46465301513672,32.15997314453125,-138.54446411132812,115.0948486328125,33.84523010253906,0.2846551537513733,0.7063873410224915,0.2706758677959442,0.6918631792068481,1,1,4.1503448486328125,4.2960052490234375,,,
0.7803316116333008,1,1,-76.23593139648438,92.62613677978516,562.7767944335938,-15.827934265136719,99.28347778320312,568.8518676757812,0.6915234327316284,0.19181866943836212,0.35084179043769836,0.5376615524291992,0.17463457584381104,0.3553358018398285,1,1,-130.0931854248047,112.9577865600586,33.06740188598633,-138.6973419189453,115.28634643554688,33.91488265991211,0.2846885919570923,0.698566734790802,0.2704223692417145,0.6912625432014465,1,1,4.1441802978515625,4.2888336181640625,,,
0.7912964820861816,1,1,-76.23593139648438,92.62613677978516,562.7767944335938,-15.836115837097168,99.3175048828125,568.9735107421875,0.6915234327316284,0.19181866943836212,0.35084179043769836,0.5376734137535095,0.17459169030189514,0.3555873930454254,1,1,-130.0931854248047,112.9577865600586,33.06740188598633,-138.67555236816406,115.33183288574219,33.93144607543945,0.2846885919570923,0.698566734790802,0.27045848965644836,0.6911198496818542,1,1,4.1441802978515625,4.2876739501953125,,,
0.8032717704772949,1,1,-76.26777648925781,92.68016815185547,562.9322509765625,-15.84678840637207,99.36231231689453,569.102294921875,0.6915501356124878,0.19172225892543793,0.3511717617511749,0.5376906394958496,0.174516960978508,0.35585716366767883,1,1,-131.2159423828125,112.83918762207031,33.024227142333984,-139.2444305419922,113.56977844238281,33.29011535644531,0.2828269898891449,0.6989387273788452,0.2695152759552002,0.6966471672058105,1,1,4.145599365234375,4.286956787109375,,,
0.814234733581543,1,1,-76.35356140136719,92.8194808959961,563.4068603515625,-15.891510963439941,99.47089385986328,569.4745483398438,0.6916032433509827,0.19151516258716583,0.3521677255630493,0.5377759337425232,0.17437049746513367,0.35662999749183655,1,1,-133.13722229003906,111.34260559082031,32.47947692871094,-139.11854553222656,114.12066650390625,33.490665435791016,0.27964141964912415,0.7036333680152893,0.2697240114212036,0.6949189901351929,1,1,4.139556884765625,4.28240966796875,,,
0.8242084980010986,1,1,-76.35356140136719,92.8194808959961,563.4068603515625,-15.913453102111816,99.5183334350586,569.6171264648438,0.6916032433509827,0.19151516258716583,0.3521677255630493,0.5378205180168152,0.1742948293685913,0.35692834854125977,1,1,-133.13722229003906,111.34260559082031,32.47947692871094,-139.04286193847656,113.71593475341797,33.34334945678711,0.27964141964912415,0.7036333680152893,0.2698494493961334,0.6961884498596191,1,1,4.139556884765625,4.2803497314453125,,,
0.8371732234954834,1,1,-76.40914154052734,92.86186981201172,563.6066284179688,-15.944979667663574,99.57075500488281,569.7802124023438,0.6916753649711609,0.19148238003253937,0.3525868058204651,0.5378876328468323,0.1742142140865326,0.35726940631866455,1,1,-130.753662109375,111.5702896118164,32.562347412109375,-137.88270568847656,114.50651550292969,33.63108444213867,0.2835935056209564,0.7029191851615906,0.2717730700969696,0.693708598613739,1,1,4.1448974609375,4.27777099609375,,,
0.847179651260376,1,1,-76.51121520996094,92.95974731445312,563.9927368164062,-15.999861717224121,99.66226959228516,570.0888061523438,0.6918005347251892,0.19136546552181244,0.35340064764022827,0.5380026698112488,0.17408764362335205,0.357911616563797,1,1,-130.34906005859375,111.54580688476562,32.55345153808594,-138.23748779296875,114.61473846435547,33.67047119140625,0.28426432609558105,0.7029958963394165,0.2711848318576813,0.6933692097663879,1,1,4.1416168212890625,4.2738800048828125,,,
0.8581173419952393,1,1,-76.51121520996094,92.95974731445312,563.9927368164062,-16.02052879333496,99.67544555664062,570.1209716796875,0.6918005347251892,0.19136546552181244,0.35340064764022827,0.5380520224571228,0.1740618795156479,0.3579805791378021,1,1,-130.34906005859375,111.54580688476562,32.55345153808594,-138.67178344726562,115.57861328125,34.02130126953125,0.28426432609558105,0.7029958963394165,0.27046480774879456,0.690345823764801,1,1,4.1416168212890625,4.27081298828125,,,
0.8700854778289795,1,1,-76.52430725097656,92.97235870361328,564.0127563476562,-16.047231674194336,99.6858139038086,570.1402587890625,0.6918266415596008,0.19133378565311432,0.3534473776817322,0.5381174087524414,0.17403782904148102,0.3580235540866852,1,1,-132.5599365234375,112.08331298828125,32.74907302856445,-138.59439086914062,116.46402740478516,34.34359359741211,0.28059855103492737,0.701309859752655,0.2705931067466736,0.6875683069229126,1,1,4.133758544921875,4.2686767578125,,,
0.8810558319091797,1,1,-76.56414031982422,92.97095489501953,563.9295654296875,-16.102746963500977,99.7044448852539,570.07763671875,0.6919559240341187,0.19129084050655365,0.3532947897911072,0.5382602214813232,0.1739375740289688,0.35790979862213135,1,1,-134.32632446289062,111.54730224609375,32.553985595703125,-139.36265563964844,115.91716003417969,34.14453887939453,0.2776697874069214,0.7029913067817688,0.2693192660808563,0.6892836689949036,1,1,4.12774658203125,4.2614898681640625,,,
0.8910295963287354,1,1,-76.56414031982422,92.97095489501953,563.9295654296875,-16.130624771118164,99.71617126464844,570.0892944335938,0.6919559240341187,0.19129084050655365,0.3532947897911072,0.5383290648460388,0.17390450835227966,0.35793834924697876,1,1,-134.32632446289062,111.54730224609375,32.553985595703125,-140.1699676513672,115.7739486694336,34.09242248535156,0.2776697874069214,0.7029913067817688,0.2679806649684906,0.6897328495979309,1,1,4.12774658203125,4.260345458984375,,,
0.9029974937438965,1,1,-76.60205841064453,92.9707260131836,563.9420166015625,-16.157400131225586,99.72105407714844,570.1022338867188,0.6920477747917175,0.1912974864244461,0.3533290922641754,0.53839510679245,0.17389506101608276,0.3579670488834381,1,1,-134.15365600585938,110.77405548095703,32.27254867553711,-140.52330017089844,116.29222869873047,34.28104019165039,0.2779560983181,0.7054168581962585,0.2673948407173157,0.6881072521209717,1,1,4.1330108642578125,4.2658233642578125,,,
0.9139695167541504,1,1,-76.69912719726562,92.9593734741211,563.9678344726562,-16.228660583496094,99.74068450927734,570.1270141601562,0.6922851204872131,0.19134747982025146,0.35340172052383423,0.5385714769363403,0.17384207248687744,0.3580266237258911,1,1,-131.4624481201172,111.4365005493164,32.51368713378906,-140.2493438720703,115.91085815429688,34.142242431640625,0.28241828083992004,0.7033388018608093,0.2678490877151489,0.689303457736969,1,1,4.130645751953125,4.265045166015625,,,
0.9249391555786133,1,1,-76.69912719726562,92.9593734741211,563.9678344726562,-16.2570858001709,99.74383544921875,570.1346435546875,0.6922851204872131,0.19134747982025146,0.35340172052383423,0.5386421084403992,0.17383524775505066,0.3580443263053894,1,1,-131.4624481201172,111.4365005493164,32.51368713378906,-138.9075469970703,116.23039245605469,34.25852966308594,0.28241828083992004,0.7033388018608093,0.27007389068603516,0.688301146030426,1,1,4.130645751953125,4.2718505859375,,,
0.9369068145751953,1,1,-76.73403930664062,92.95365905761719,563.9915161132812,-16.285764694213867,99.75132751464844,570.1572875976562,0.6923656463623047,0.19137899577617645,0.3534555733203888,0.538712203502655,0.17382268607616425,0.3580930233001709,1,1,-130.76121520996094,112.43084716796875,32.87560272216797,-139.38436889648438,116.01258087158203,34.17924880981445,0.2835809588432312,0.7002196907997131,0.2692832946777344,0.6889843940734863,1,1,4.1274261474609375,4.2711029052734375,,,
0.9468803405761719,1,1,-76.82393646240234,92.95761108398438,564.196044921875,-16.359609603881836,99.7824935913086,570.3261108398438,0.6925235390663147,0.19147758185863495,0.35388073325157166,0.5388849377632141,0.1738153100013733,0.35844042897224426,1,1,-132.0923614501953,112.52278137207031,32.909080505371094,-138.89749145507812,116.7209243774414,34.43703079223633,0.28137385845184326,0.699931263923645,0.2700905501842499,0.6867624521255493,1,1,4.1295166015625,4.2765655517578125,,,
0.9578511714935303,1,1,-76.82393646240234,92.95761108398438,564.196044921875,-16.381515502929688,99.79812622070312,570.3826904296875,0.6925235390663147,0.19147758185863495,0.35388073325157166,0.5389356017112732,0.17379562556743622,0.3585584759712219,1,1,-132.0923614501953,112.52278137207031,32.909080505371094,-139.22593688964844,116.16597747802734,34.23504638671875,0.28137385845184326,0.699931263923645,0.26954594254493713,0.6885032057762146,1,1,4.1295166015625,4.2741851806640625,,,
0.9698216915130615,1,1,-76.85702514648438,92.96440124511719,564.2736206054688,-16.41297721862793,99.81295013427734,570.44873046875,0.6925806999206543,0.1914970874786377,0.35404345393180847,0.5390095114707947,0.17378391325473785,0.35869544744491577,1,1,-133.2317657470703,112.28810119628906,32.82366180419922,-138.89007568359375,115.80956268310547,34.105323791503906,0.27948465943336487,0.7006674408912659,0.27010276913642883,0.6896211504936218,1,1,4.134246826171875,4.275360107421875,,,
0.9807896614074707,1,1,-76.9384994506836,92.98770904541016,564.41259765625,-16.469070434570312,99.84608459472656,570.5676879882812,0.6927390694618225,0.1914939433336258,0.35434460639953613,0.539141058921814,0.17374137043952942,0.3589443266391754,1,1,-134.26974487304688,111.93915557861328,32.6966552734375,-139.25534057617188,115.55703735351562,34.01341247558594,0.27776360511779785,0.7017620801925659,0.26949718594551086,0.6904132962226868,1,1,4.143707275390625,4.2799072265625,,,
0.9907631874084473,1,1,-76.9384994506836,92.98770904541016,564.41259765625,-16.4929141998291,99.85591125488281,570.6015625,0.6927390694618225,0.1914939433336258,0.35434460639953613,0.5391981601715088,0.17372775077819824,0.35901573300361633,1,1,-134.26974487304688,111.93915557861328,32.6966552734375,-139.20912170410156,115.58397674560547,34.02322006225586,0.27776360511779785,0.7017620801925659,0.269573837518692,0.6903288960456848,1,1,4.143707275390625,4.2743988037109375,,,
1.0027341842651367,1,1,-76.97051239013672,92.99893951416016,564.4285278320312,-16.505859375,99.86695098876953,570.6193237304688,0.6928144097328186,0.1914641112089157,0.35438793897628784,0.5392290949821472,0.17370100319385529,0.35905516147613525,1,1,-132.75103759765625,110.97782135009766,32.34675216674805,-138.79544067382812,116.40113067626953,34.320655822753906,0.2802817225456238,0.7047776579856873,0.27025970816612244,0.6877654790878296,1,1,4.139739990234375,4.27374267578125,,,
1.013702630996704,1,1,-77.03081512451172,93.03276062011719,564.456787109375,-16.540651321411133,99.89353942871094,570.6505126953125,0.6929566860198975,0.19136424362659454,0.3544701039791107,0.5393134951591492,0.17362970113754272,0.35912781953811646,1,1,-130.98728942871094,110.36231231689453,32.122703552246094,-139.04086303710938,116.82378387451172,34.47450256347656,0.28320610523223877,0.7067084312438965,0.26985275745391846,0.6864396929740906,1,1,4.14508056640625,4.2797698974609375,,,
1.024672031402588,1,1,-77.03081512451172,93.03276062011719,564.456787109375,-16.548139572143555,99.89714050292969,570.6607666015625,0.6929566860198975,0.19136424362659454,0.3544701039791107,0.5393314361572266,0.1736234873533249,0.35914966464042664,1,1,-130.98728942871094,110.36231231689453,32.122703552246094,-138.9292755126953,117.88204956054688,34.85967254638672,0.28320610523223877,0.7067084312438965,0.27003782987594604,0.6831202507019043,1,1,4.14508056640625,4.28753662109375,,,
1.0366413593292236,1,1,-77.0411376953125,93.04902648925781,564.4946899414062,-16.56382179260254,99.91035461425781,570.6954956054688,0.6929694414138794,0.19133035838603973,0.3545522391796112,0.5393680334091187,0.17359930276870728,0.35922351479530334,1,1,-131.0242462158203,110.7038803100586,32.247039794921875,-138.5477752685547,117.34248352050781,34.66328430175781,0.2831447720527649,0.7056368589401245,0.2706703245639801,0.6848127245903015,1,1,4.151458740234375,4.2877349853515625,,,
1.046638011932373,1,1,-77.06080627441406,93.10063171386719,564.6073608398438,-16.569307327270508,99.9414291381836,570.7902221679688,0.6929795742034912,0.1912190020084381,0.354794442653656,0.539374589920044,0.17355091869831085,0.3594210147857666,1,1,-131.78787231445312,111.30587005615234,32.466182708740234,-138.7229766845703,117.72706604003906,34.80323791503906,0.2818787097930908,0.7037484645843506,0.27037984132766724,0.6836063265800476,1,1,4.1615447998046875,4.2936248779296875,,,
1.0575850009918213,1,1,-77.06080627441406,93.10063171386719,564.6073608398438,-16.564077377319336,99.94799041748047,570.7974853515625,0.6929795742034912,0.1912190020084381,0.354794442653656,0.5393608212471008,0.17353349924087524,0.35943737626075745,1,1,-131.78787231445312,111.30587005615234,32.466182708740234,-139.13453674316406,117.41231536865234,34.688690185546875,0.2818787097930908,0.7037484645843506,0.26969748735427856,0.684593677520752,1,1,4.1615447998046875,4.2905120849609375,,,
1.0705509185791016,1,1,-77.01727294921875,93.11856079101562,564.5866088867188,-16.505615234375,99.94922637939453,570.77685546875,0.6928761005401611,0.19114820659160614,0.35474804043769836,0.5392160415649414,0.17351895570755005,0.35939380526542664,1,1,-130.7393035888672,110.80335235595703,32.28327178955078,-138.7880096435547,117.59197235107422,34.75407028198242,0.2836172878742218,0.7053247690200806,0.27027204632759094,0.6840300559997559,1,1,4.15972900390625,4.29937744140625,,,
1.080550193786621,1,1,-76.65348815917969,93.25469207763672,564.9130249023438,-16.190645217895508,100.01304626464844,570.9988403320312,0.6918414235115051,0.19088277220726013,0.35533350706100464,0.5384119749069214,0.1734449863433838,0.3598352074623108,1,1,-110.950439453125,111.0508041381836,32.373348236083984,-118.53903198242188,120.51517486572266,35.818050384521484,0.3164283335208893,0.7045485973358154,0.3038460314273834,0.6748603582382202,1,1,4.20391845703125,4.3330230712890625,,,
1.0915067195892334,1,1,-76.65348815917969,93.25469207763672,564.9130249023438,-15.938847541809082,99.97520446777344,570.614990234375,0.6918414235115051,0.19088277220726013,0.35533350706100464,0.5378086566925049,0.17335385084152222,0.35905224084854126,1,1,-110.950439453125,111.0508041381836,32.373348236083984,-97.64277648925781,126.14115142822266,37.86573791503906,0.3164283335208893,0.7045485973358154,0.33849331736564636,0.6572127938270569,1,1,4.20391845703125,4.3718109130859375,,,
1.103461503982544,1,1,-76.09536743164062,93.2147216796875,564.293701171875,-15.584603309631348,99.92041015625,570.0714721679688,0.6906394362449646,0.19068636000156403,0.3539615571498871,0.5369587540626526,0.17322857677936554,0.35794371366500854,1,1,-80.39241790771484,116.6902847290039,34.425941467285156,-67.31952667236328,130.9600830078125,39.619693756103516,0.36709532141685486,0.6868585348129272,0.3887709975242615,0.6420965790748596,1,1,4.2248382568359375,4.37451171875,,,
1.1144325733184814,1,1,-74.92730712890625,93.15921020507812,563.1107788085938,-14.892827987670898,99.8216781616211,569.0726318359375,0.6880770325660706,0.19024249911308289,0.3513234853744507,0.5352903008460999,0.17299240827560425,0.35590624809265137,1,1,-11.333391189575195,128.57559204101562,38.75180435180664,-14.215036392211914,135.85699462890625,41.402015686035156,0.48159924149513245,0.6495763063430786,0.47682133316993713,0.6267358064651489,1,1,4.224365234375,4.349029541015625,,,
1.124405860900879,1,1,-74.92730712890625,93.15921020507812,563.1107788085938,-14.719494819641113,99.92233276367188,569.6058959960938,0.6880770325660706,0.19024249911308289,0.3513234853744507,0.5348207354545593,0.17297391593456268,0.3569822907447815,1,1,-11.333391189575195,128.57559204101562,38.75180435180664,-3.0524892807006836,136.31982421875,41.570472717285156,0.48159924149513245,0.6495763063430786,0.49532949924468994,0.6252838969230652,1,1,4.224365234375,4.343505859375,,,
1.1363751888275146,1,1,-74.9664306640625,93.40589904785156,564.3900756835938,-14.621638298034668,100.10319519042969,570.6548461914062,0.6877443194389343,0.19012819230556488,0.35391637682914734,0.5345081686973572,0.1729879528284073,0.3591054677963257,1,1,-3.479081869125366,128.4453582763672,38.70440673828125,1.2094810009002686,138.0323486328125,42.19377899169922,0.4946221709251404,0.6499848365783691,0.5023961067199707,0.6199120879173279,1,1,4.2173919677734375,4.3563232421875,,,
1.1473448276519775,1,1,-74.9723892211914,93.67161560058594,565.5794677734375,-14.459238052368164,100.241943359375,571.580810546875,0.6873587369918823,0.1899009346961975,0.3563310503959656,0.5340437889099121,0.17307190597057343,0.3609687387943268,1,1,-3.4663360118865967,126.58086395263672,38.02576446533203,-0.2672826051712036,138.53189086914062,42.37559127807617,0.49464330077171326,0.6558334827423096,0.4999474883079529,0.6183451414108276,1,1,4.2201995849609375,4.368011474609375,,,
1.1583163738250732,1,1,-74.9723892211914,93.67161560058594,565.5794677734375,-14.382184982299805,100.21845245361328,571.4860229492188,0.6873587369918823,0.1899009346961975,0.3563310503959656,0.5338574051856995,0.17309686541557312,0.36077025532722473,1,1,-3.4663360118865967,126.58086395263672,38.02576446533203,-0.7509797811508179,137.23831176757812,41.90476608276367,0.49464330077171326,0.6558334827423096,0.4991454780101776,0.6224028468132019,1,1,4.2201995849609375,4.36962890625,,,
1.1702866554260254,1,1,-74.80318450927734,93.62568664550781,565.0986938476562,-14.28097915649414,100.1387710571289,571.0855712890625,0.6870912909507751,0.1897904872894287,0.3553316593170166,0.533629834651947,0.1731308400630951,0.3599489629268646,1,1,-7.333863735198975,124.31768035888672,37.2020263671875,-1.4756650924682617,134.56356811523438,40.93123245239258,0.48823070526123047,0.6629326343536377,0.4979438781738281,0.630793035030365,1,1,4.2268524169921875,4.352752685546875,,,
1.1802568435668945,1,1,-74.58206939697266,93.68244171142578,565.186279296875,-14.0794677734375,100.12263488769531,571.1251220703125,0.6865019798278809,0.18965494632720947,0.355464369058609,0.5331240892410278,0.17321331799030304,0.360011488199234,1,1,-9.859057426452637,126.45722961425781,37.980770111083984,-1.9366885423660278,134.34951782226562,40.853336334228516,0.48404380679130554,0.6562212109565735,0.4971795082092285,0.6314644813537598,1,1,4.2274322509765625,4.3523406982421875,,,
1.1912298202514648,1,1,-74.58206939697266,93.68244171142578,565.186279296875,-13.988615036010742,100.13536071777344,571.198974609375,0.6865019798278809,0.18965494632720947,0.355464369058609,0.5328924655914307,0.17321661114692688,0.36015698313713074,1,1,-9.859057426452637,126.45722961425781,37.980770111083984,-2.753842353820801,133.85549926757812,40.67354202270508,0.48404380679130554,0.6562212109565735,0.4958246648311615,0.6330141425132751,1,1,4.2274322509765625,4.3421630859375,,,
1.2031946182250977,1,1,-74.4888916015625,93.72769927978516,565.296875,-13.880223274230957,100.14810180664062,571.2713012695312,0.6862289309501648,0.18956740200519562,0.3556712567806244,0.5326171517372131,0.17321953177452087,0.3602985739707947,1,1,-6.795526027679443,128.19036865234375,38.61157989501953,-3.6994311809539795,132.8509979248047,40.30792999267578,0.48912328481674194,0.6507846713066101,0.4942568242549896,0.6361651420593262,1,1,4.21453857421875,4.342071533203125,,,
1.213196039199829,1,1,-74.28260040283203,93.84693145751953,565.5317993164062,-13.649538040161133,100.1598892211914,571.4329833984375,0.6856276988983154,0.1893041431903839,0.35611656308174133,0.5320314168930054,0.17328119277954102,0.36061009764671326,1,1,-4.935047626495361,127.92271423339844,38.51416778564453,-4.591678619384766,133.55386352539062,40.56376266479492,0.4922080338001251,0.6516242027282715,0.49277743697166443,0.6339603066444397,1,1,4.219268798828125,4.3329010009765625,,,
1.2241392135620117,1,1,-74.28260040283203,93.84693145751953,565.5317993164062,-13.552583694458008,100.1653823852539,571.4703369140625,0.6856276988983154,0.1893041431903839,0.35611656308174133,0.5317869782447815,0.17328740656375885,0.36068102717399597,1,1,-4.935047626495361,127.92271423339844,38.51416778564453,-3.7579493522644043,133.09561157226562,40.396949768066406,0.4922080338001251,0.6516242027282715,0.4941597878932953,0.6353978514671326,1,1,4.219268798828125,4.328460693359375,,,
1.2361083030700684,1,1,-74.17439270019531,93.89820098876953,565.6193237304688,-13.44066333770752,100.17425537109375,571.5247802734375,0.6853244304656982,0.1891840249300003,0.3562767207622528,0.531504213809967,0.17329281568527222,0.3607861399650574,1,1,-5.279423713684082,128.61570739746094,38.766414642333984,-4.14687967300415,132.20059204101562,40.071197509765625,0.49163711071014404,0.6494505405426025,0.49351489543914795,0.6382052898406982,1,1,4.228363037109375,4.3171234130859375,,,
1.2471048831939697,1,1,-73.91559600830078,94.04077911376953,565.8491821289062,-13.210582733154297,100.19011688232422,571.67138671875,0.6845924854278564,0.1888412982225418,0.3567064106464386,0.530921220779419,0.17333205044269562,0.36106982827186584,1,1,-7.804498195648193,127.52560424804688,38.3696403503418,-4.541780471801758,132.7509765625,40.271514892578125,0.48745042085647583,0.6528700590133667,0.4928601086139679,0.636478841304779,1,1,4.223907470703125,4.3147430419921875,,,
1.2580480575561523,1,1,-73.91559600830078,94.04077911376953,565.8491821289062,-13.12318229675293,100.1833724975586,571.7240600585938,0.6845924854278564,0.1888412982225418,0.3567064106464386,0.5307003259658813,0.17338769137859344,0.36116722226142883,1,1,-7.804498195648193,127.52560424804688,38.3696403503418,-3.9225692749023438,136.71612548828125,41.7147216796875,0.48745042085647583,0.6528700590133667,0.4938868284225464,0.6240408420562744,1,1,4.223907470703125,4.336517333984375,,,
1.2700483798980713,1,1,-73.82613372802734,94.09272003173828,565.9926147460938,-13.029264450073242,100.1753158569336,571.8317260742188,0.6843186616897583,0.18874993920326233,0.35698118805885315,0.5304601788520813,0.1734798401594162,0.3613722026348114,1,1,-7.434366703033447,127.61075592041016,38.40064239501953,-3.2975387573242188,137.52276611328125,42.00831604003906,0.48806408047676086,0.6526029109954834,0.4949231445789337,0.6215105652809143,1,1,4.2159423828125,4.340850830078125,,,
1.2799890041351318,1,1,-73.6142349243164,94.11735534667969,566.0802612304688,-12.83404541015625,100.15473175048828,571.86328125,0.6837547421455383,0.1887224316596985,0.35710668563842773,0.5299715399742126,0.1735721230506897,0.36141857504844666,1,1,-5.6873250007629395,129.9788055419922,39.2625617980957,-2.245577335357666,135.3626708984375,41.222129821777344,0.4909607768058777,0.6451746225357056,0.49666735529899597,0.6282863616943359,1,1,4.21063232421875,4.3354949951171875,,,
1.2909595966339111,1,1,-73.60726165771484,94.11978912353516,566.0872192382812,-12.746829986572266,100.14045715332031,571.8839111328125,0.6837348341941833,0.18871837854385376,0.3571193814277649,0.5297530889511108,0.17363403737545013,0.3614504337310791,1,1,-4.632945537567139,128.89100646972656,38.866634368896484,-3.2431368827819824,131.68157958984375,39.88230895996094,0.4927090108394623,0.6485868692398071,0.4950133264064789,0.6398332118988037,1,1,4.20574951171875,4.3133544921875,,,
1.3029332160949707,1,1,-73.5311050415039,94.13456726074219,566.1595458984375,-12.66727066040039,100.13243865966797,571.9282836914062,0.6835188269615173,0.18871153891086578,0.3572463393211365,0.5295523405075073,0.17368875443935394,0.3615316152572632,1,1,-4.701503753662109,128.63961791992188,38.77512741088867,-2.792637348175049,132.2164764404297,40.07699203491211,0.4925953149795532,0.6493754386901855,0.49576032161712646,0.6381553411483765,1,1,4.20989990234375,4.31201171875,,,
1.3138983249664307,1,1,-73.3789291381836,94.16634368896484,566.3165893554688,-12.52657699584961,100.09830474853516,572.0288696289062,0.6830832362174988,0.18869738280773163,0.35752537846565247,0.5291966795921326,0.1738646775484085,0.3617118000984192,1,1,-5.709019660949707,127.84819030761719,38.48707962036133,-1.9037907123565674,133.13954162597656,40.412925720214844,0.49092477560043335,0.6518580317497253,0.497234046459198,0.6352599859237671,1,1,4.20574951171875,4.3120574951171875,,,
1.3248701095581055,1,1,-73.36647033691406,94.16787719726562,566.3291015625,-12.473021507263184,100.07711791992188,572.0145874023438,0.6830477714538574,0.1886996328830719,0.35754725337028503,0.5290641784667969,0.17392824590206146,0.36167407035827637,1,1,-6.858151435852051,128.85037231445312,38.851837158203125,-2.2336204051971436,130.74334716796875,39.54079055786133,0.4890194535255432,0.6487143039703369,0.4966872036457062,0.6427764296531677,1,1,4.21063232421875,4.2873687744140625,,,
1.3368375301361084,1,1,-73.30497741699219,94.14374542236328,566.236572265625,-12.42125129699707,100.04182434082031,571.9312744140625,0.6829230189323425,0.1887304037809372,0.3573426604270935,0.5289399027824402,0.17399848997592926,0.36149561405181885,1,1,-6.052379131317139,129.2112579345703,38.9831657409668,-2.849367380142212,130.9261474609375,39.60731887817383,0.490355521440506,0.6475822925567627,0.4956662654876709,0.6422030925750732,1,1,4.2162322998046875,4.28289794921875,,,
1.3465476036071777,1,1,-73.16048431396484,94.09957885742188,566.02587890625,-12.325141906738281,99.98025512695312,571.7454223632812,0.6826273202896118,0.18876437842845917,0.3568793833255768,0.5287106037139893,0.1740976721048355,0.36110424995422363,1,1,-6.683571815490723,129.1316375732422,38.9542121887207,-3.054598569869995,130.78736877441406,39.556819915771484,0.4893089532852173,0.6478320956230164,0.4953259825706482,0.6426383852958679,1,1,4.205535888671875,4.2761993408203125,,,
1.3575193881988525,1,1,-73.16048431396484,94.09957885742188,566.02587890625,-12.291106224060059,99.95260620117188,571.637939453125,0.6826273202896118,0.18876437842845917,0.3568793833255768,0.5286315083503723,0.17412802577018738,0.36088159680366516,1,1,-6.683571815490723,129.1316375732422,38.9542121887207,-2.9605712890625,132.13467407226562,40.04719161987305,0.4893089532852173,0.6478320956230164,0.4954819083213806,0.6384120583534241,1,1,4.205535888671875,4.2896881103515625,,,
1.3694913387298584,1,1,-73.0956039428711,94.07432556152344,565.8927001953125,-12.257847785949707,99.92902374267578,571.51904296875,0.6825070381164551,0.1887761801481247,0.35659411549568176,0.5285549163818359,0.1741381287574768,0.36063793301582336,1,1,-9.23361873626709,128.85093688964844,38.85205078125,-3.0239646434783936,131.22666931152344,39.71672058105469,0.4850808084011078,0.6487125754356384,0.4953768253326416,0.6412603259086609,1,1,4.2037506103515625,4.2937469482421875,,,
1.3804590702056885,1,1,-73.00050354003906,94.01140594482422,565.5247192382812,-12.193803787231445,99.8601303100586,571.2264404296875,0.6823868751525879,0.1887834072113037,0.35582947731018066,0.5284108519554138,0.17419876158237457,0.36003515124320984,1,1,-6.146262168884277,127.77953338623047,38.462093353271484,-3.636638641357422,131.34176635742188,39.75862121582031,0.49019983410835266,0.652073323726654,0.49436092376708984,0.6408994197845459,1,1,4.19158935546875,4.285491943359375,,,
1.3914308547973633,1,1,-73.00050354003906,94.01140594482422,565.5247192382812,-12.175376892089844,99.85094451904297,571.1781616210938,0.6823868751525879,0.1887834072113037,0.35582947731018066,0.5283674001693726,0.17420171201229095,0.3599361479282379,1,1,-6.146262168884277,127.77953338623047,38.462093353271484,-2.9410290718078613,132.2740478515625,40.09794998168945,0.49019983410835266,0.652073323726654,0.49551424384117126,0.6379747986793518,1,1,4.19158935546875,4.29229736328125,,,
1.4034037590026855,1,1,-72.97945404052734,93.98944854736328,565.4847412109375,-12.157283782958984,99.83522033691406,571.1387329101562,0.6823471188545227,0.18883536756038666,0.3557387590408325,0.5283244848251343,0.17423157393932343,0.35985228419303894,1,1,-4.975584983825684,128.51918029785156,38.73130416870117,-2.4287118911743164,132.43186950683594,40.15538787841797,0.49214085936546326,0.649753212928772,0.49636369943618774,0.6374797224998474,1,1,4.1814117431640625,4.2894134521484375,,,
1.4134023189544678,1,1,-72.92790222167969,94.00407409667969,565.5701904296875,-12.12659740447998,99.83576965332031,571.1903076171875,0.6821889281272888,0.18883571028709412,0.3558976948261261,0.528245210647583,0.174260675907135,0.35995274782180786,1,1,-7.390523433685303,127.17589569091797,38.24237823486328,-2.116081476211548,132.79742431640625,40.28844451904297,0.48813676834106445,0.6539668440818787,0.49688205122947693,0.6363330483436584,1,1,4.175750732421875,4.293914794921875,,,
1.4243404865264893,1,1,-72.92790222167969,94.00407409667969,565.5701904296875,-12.114688873291016,99.82765197753906,571.1825561523438,0.6821889281272888,0.18883571028709412,0.3558976948261261,0.5282160043716431,0.17428353428840637,0.3599342107772827,1,1,-7.390523433685303,127.17589569091797,38.24237823486328,-2.0276124477386475,133.061767578125,40.3846549987793,0.48813676834106445,0.6539668440818787,0.49702879786491394,0.6355040073394775,1,1,4.175750732421875,4.2901153564453125,,,
1.4363086223602295,1,1,-72.89987182617188,94.00848388671875,565.5609741210938,-12.100317001342773,99.8315658569336,571.16845703125,0.6821210384368896,0.18881645798683167,0.35587403178215027,0.5281806588172913,0.1742626577615738,0.3599070906639099,1,1,-7.427973747253418,127.35014343261719,38.305816650390625,-2.2708141803741455,130.85784912109375,39.582489013671875,0.48807471990585327,0.6534203290939331,0.49662554264068604,0.6424173712730408,1,1,4.1687774658203125,4.2757110595703125,,,
1.4472801685333252,1,1,-72.87017059326172,93.98265075683594,565.4383544921875,-12.064274787902832,99.81298828125,571.072021484375,0.6820860505104065,0.18883514404296875,0.3556181788444519,0.5280957221984863,0.17426937818527222,0.359709233045578,1,1,-4.366464614868164,127.3199462890625,38.29478454589844,-2.639080047607422,130.82113647460938,39.56909942626953,0.49315088987350464,0.6535150408744812,0.49601495265960693,0.642532467842102,1,1,4.161407470703125,4.2637481689453125,,,
1.4572830200195312,1,1,-72.87017059326172,93.98265075683594,565.4383544921875,-12.050004005432129,99.81883239746094,571.0885009765625,0.6820860505104065,0.18883514404296875,0.3556181788444519,0.5280591249465942,0.17425993084907532,0.3597431778907776,1,1,-4.366464614868164,127.3199462890625,38.29478454589844,-3.5953948497772217,130.33587646484375,39.39248275756836,0.49315088987350464,0.6535150408744812,0.4944292902946472,0.6440545320510864,1,1,4.161407470703125,4.268829345703125,,,
1.4692227840423584,1,1,-72.86539459228516,93.98670196533203,565.4793090820312,-12.031204223632812,99.81600189208984,571.118408203125,0.6820606589317322,0.18884475529193878,0.35569849610328674,0.5280107259750366,0.17428730428218842,0.35980042815208435,1,1,-2.4009649753570557,126.14160919189453,37.86589813232422,-3.793536901473999,132.1023406982422,40.03541564941406,0.49640974402427673,0.6572113037109375,0.49410074949264526,0.6385135650634766,1,1,4.1500244140625,4.272491455078125,,,
1.4802238941192627,1,1,-72.84087371826172,94.00274658203125,565.7645874023438,-12.009191513061523,99.8252944946289,571.3275146484375,0.6819066405296326,0.18895190954208374,0.3562558591365814,0.5279452204704285,0.1743786633014679,0.3602144718170166,1,1,-4.2221784591674805,126.03909301757812,37.82858657836914,-2.763209104537964,132.3626251220703,40.130157470703125,0.4933900833129883,0.6575328707695007,0.4958091080188751,0.6376970410346985,1,1,4.143524169921875,4.2646636962890625,,,
1.491163969039917,1,1,-72.84087371826172,94.00274658203125,565.7645874023438,-11.99000358581543,99.81119537353516,571.3828125,0.6819066405296326,0.18895190954208374,0.3562558591365814,0.527894914150238,0.17445825040340424,0.36031773686408997,1,1,-4.2221784591674805,126.03909301757812,37.82858657836914,-2.50791597366333,134.77793884277344,41.00925827026367,0.4933900833129883,0.6575328707695007,0.49623242020606995,0.6301206946372986,1,1,4.143524169921875,4.2637176513671875,,,
1.503166913986206,1,1,-72.8089599609375,93.98409271240234,565.7887573242188,-11.97354507446289,99.78594970703125,571.3975219726562,0.6818186640739441,0.18902911245822906,0.35628893971443176,0.5278535485267639,0.17455127835273743,0.36033740639686584,1,1,-6.415040016174316,125.63795471191406,37.68259811401367,-2.4858603477478027,135.45352172851562,41.255157470703125,0.4897541105747223,0.6587911248207092,0.49626901745796204,0.6280014514923096,1,1,4.1414947509765625,4.2632904052734375,,,
1.5131034851074219,1,1,-72.76963806152344,93.91508483886719,565.7945556640625,-11.921317100524902,99.7516860961914,571.39208984375,0.6817190647125244,0.1892654001712799,0.3562679588794708,0.5277239680290222,0.17466355860233307,0.36031273007392883,1,1,-4.293752670288086,126.38536834716797,37.95461654663086,-3.349722385406494,133.88238525390625,40.683326721191406,0.4932713508605957,0.656446635723114,0.494836688041687,0.6329298615455627,1,1,4.1323394775390625,4.250823974609375,,,
1.5240740776062012,1,1,-72.76963806152344,93.91508483886719,565.7945556640625,-11.90628719329834,99.7443618774414,571.4406127929688,0.6817190647125244,0.1892654001712799,0.3562679588794708,0.5276842713356018,0.17471656203269958,0.3604051470756531,1,1,-4.293752670288086,126.38536834716797,37.95461654663086,-2.8180437088012695,133.0423126220703,40.3775749206543,0.4932713508605957,0.656446635723114,0.49571818113327026,0.635564923286438,1,1,4.1323394775390625,4.2520751953125,,,
1.5360424518585205,1,1,-72.7669906616211,93.91291046142578,565.9024047851562,-11.885811805725098,99.7427749633789,571.5242919921875,0.6816777586936951,0.18933331966400146,0.3564777970314026,0.5276290774345398,0.1747709959745407,0.36056873202323914,1,1,-2.6596298217773438,126.49394989013672,37.99411392211914,-2.598862886428833,132.5646514892578,40.20372009277344,0.4959808886051178,0.6561061143875122,0.49608156085014343,0.637063205242157,1,1,4.1363372802734375,4.2474365234375,,,
1.5470128059387207,1,1,-72.7296371459961,93.90573120117188,566.188720703125,-11.856451988220215,99.73468780517578,571.7365112304688,0.6814918518066406,0.18951912224292755,0.3570263683795929,0.5275456309318542,0.1749219298362732,0.36098265647888184,1,1,-4.807469367980957,127.51362609863281,38.36525344848633,-1.3239800930023193,133.79640197753906,40.652008056640625,0.492419570684433,0.6529074907302856,0.4981954097747803,0.6331993937492371,1,1,4.127655029296875,4.243438720703125,,,
1.5569860935211182,1,1,-72.7296371459961,93.90573120117188,566.188720703125,-11.838035583496094,99.7271728515625,571.77294921875,0.6814918518066406,0.18951912224292755,0.3570263683795929,0.5274980068206787,0.17496858537197113,0.36105114221572876,1,1,-4.807469367980957,127.51362609863281,38.36525344848633,-1.9129773378372192,134.6351318359375,40.95729064941406,0.492419570684433,0.6529074907302856,0.49721887707710266,0.6305685043334961,1,1,4.127655029296875,4.230316162109375,,,
1.5699517726898193,1,1,-72.70289611816406,93.89845275878906,566.2103271484375,-11.822855949401855,99.71408081054688,571.7866821289062,0.6814175844192505,0.18955639004707336,0.35705968737602234,0.5274597406387329,0.1750204712152481,0.3610731065273285,1,1,-5.611676216125488,127.32638549804688,38.29710388183594,-2.795910120010376,134.4957275390625,40.90654373168945,0.49108612537384033,0.6534947752952576,0.4957549273967743,0.6310058832168579,1,1,4.1264801025390625,4.23431396484375,,,
1.5799250602722168,1,1,-72.65277862548828,93.8724365234375,566.1538696289062,-11.766555786132812,99.69182586669922,571.7387084960938,0.6813097596168518,0.18961356580257416,0.35692811012268066,0.5273218750953674,0.17506816983222961,0.36096861958503723,1,1,-4.47041130065918,127.61956787109375,38.40382766723633,-4.506834983825684,133.8272247314453,40.663238525390625,0.4929784834384918,0.6525751352310181,0.49291810393333435,0.6331028938293457,1,1,4.117401123046875,4.2235565185546875,,,
1.5908968448638916,1,1,-72.65277862548828,93.8724365234375,566.1538696289062,-11.75053596496582,99.68213653564453,571.7244262695312,0.6813097596168518,0.18961356580257416,0.35692811012268066,0.5272828340530396,0.17509259283542633,0.3609365224838257,1,1,-4.47041130065918,127.61956787109375,38.40382766723633,-4.333656311035156,134.5389862060547,40.92230224609375,0.4929784834384918,0.6525751352310181,0.49320515990257263,0.6308701038360596,1,1,4.117401123046875,4.229766845703125,,,
1.6028635501861572,1,1,-72.64141082763672,93.87894439697266,566.1873779296875,-11.730873107910156,99.68476104736328,571.7501220703125,0.681270182132721,0.1896108239889145,0.3569929301738739,0.5272324085235596,0.17509931325912476,0.3609873056411743,1,1,-3.571460723876953,126.84856414794922,38.12322235107422,-2.9357290267944336,135.35223388671875,41.21830368041992,0.49446901679039,0.6549937725067139,0.49552300572395325,0.6283190250396729,1,1,4.1009063720703125,4.2162322998046875,,,
1.612837314605713,1,1,-72.57769012451172,93.87675476074219,566.2112426757812,-11.704737663269043,99.67550659179688,571.7603149414062,0.6811018586158752,0.189633309841156,0.3570229411125183,0.5271668434143066,0.17513670027256012,0.36100316047668457,1,1,-4.760224342346191,127.09349822998047,38.21234130859375,-1.3732945919036865,135.55523681640625,41.29218292236328,0.492497980594635,0.6542254686355591,0.49811360239982605,0.6276822686195374,1,1,4.0959930419921875,4.20794677734375,,,
1.6238086223602295,1,1,-72.57769012451172,93.87675476074219,566.2112426757812,-11.710258483886719,99.66317749023438,571.7446899414062,0.6811018586158752,0.189633309841156,0.3570229411125183,0.5271816253662109,0.17516851425170898,0.36096838116645813,1,1,-4.760224342346191,127.09349822998047,38.21234130859375,-1.9405457973480225,134.82254028320312,41.0255012512207,0.492497980594635,0.6542254686355591,0.49717313051223755,0.6299806833267212,1,1,4.0959930419921875,4.200439453125,,,
1.6367850303649902,1,1,-72.68453979492188,93.83795166015625,566.262451171875,-11.813011169433594,99.6419906616211,571.7947387695312,0.6813559532165527,0.1897892951965332,0.35713744163513184,0.5274361968040466,0.17526505887508392,0.3610638380050659,1,1,-15.89274787902832,127.3701171875,38.3129997253418,-8.894822120666504,134.44374084472656,40.887638092041016,0.47403958439826965,0.6533576846122742,0.48564255237579346,0.6311689019203186,1,1,4.1264801025390625,4.2248992919921875,,,
1.6467783451080322,1,1,-73.06719207763672,93.57827758789062,565.3370971679688,-12.216975212097168,99.45702362060547,571.1266479492188,0.6826256513595581,0.19013279676437378,0.35533851385116577,0.5284817814826965,0.17548143863677979,0.35970091819763184,1,1,-59.26467514038086,119.37715148925781,35.40385818481445,-41.63741683959961,127.6069107055664,38.39927673339844,0.40212640166282654,0.6784302592277527,0.43135344982147217,0.6526148319244385,1,1,4.116729736328125,4.22613525390625,,,
1.6577239036560059,1,1,-73.06719207763672,93.57827758789062,565.3370971679688,-12.475656509399414,99.45089721679688,571.2860717773438,0.6826256513595581,0.19013279676437378,0.35533851385116577,0.5291203856468201,0.17558696866035461,0.3600239157676697,1,1,-59.26467514038086,119.37715148925781,35.40385818481445,-63.376686096191406,124.6385498046875,37.318870544433594,0.40212640166282654,0.6784302592277527,0.3953084349632263,0.6619260907173157,1,1,4.116729736328125,4.2295684814453125,,,
1.6696844100952148,1,1,-73.28644561767578,93.55150604248047,565.3742065429688,-12.690801620483398,99.43521881103516,571.33935546875,0.6831684112548828,0.19023744761943817,0.35545802116394043,0.5296555161476135,0.17566397786140442,0.36013293266296387,1,1,-81.22659301757812,118.29425811767578,35.00973129272461,-84.58056640625,122.19466400146484,36.42936325073242,0.3657122850418091,0.6818271279335022,0.36015114188194275,0.6695922017097473,1,1,4.10040283203125,4.2095947265625,,,
1.6806561946868896,1,1,-73.87076568603516,93.88673400878906,567.6045532226562,-12.974424362182617,99.68695068359375,573.0209350585938,0.6839122772216797,0.19034244120121002,0.36008021235466003,0.5302698612213135,0.17579282820224762,0.3635443150997162,1,1,-108.83519744873047,115.23462677001953,33.896095275878906,-110.58848571777344,122.35987854003906,36.489471435546875,0.31993556022644043,0.6914246678352356,0.3170284628868103,0.6690739393234253,1,1,4.1040191650390625,4.216796875,,,
1.6906304359436035,1,1,-73.87076568603516,93.88673400878906,567.6045532226562,-12.98841381072998,99.67623138427734,573.0089721679688,0.6839122772216797,0.19034244120121002,0.36008021235466003,0.5303055644035339,0.17582112550735474,0.3635175824165344,1,1,-108.83519744873047,115.23462677001953,33.896095275878906,-112.80537414550781,122.79254913330078,36.64695358276367,0.31993556022644043,0.6914246678352356,0.3133527636528015,0.6677168607711792,1,1,4.1040191650390625,4.2138214111328125,,,
1.7025980949401855,1,1,-73.86009979248047,93.86365509033203,567.5074462890625,-12.977911949157715,99.65817260742188,572.9290771484375,0.6839174628257751,0.19036589562892914,0.3598800003528595,0.5302839875221252,0.17583516240119934,0.3633536398410797,1,1,-107.93838500976562,113.1924057006836,33.152774810791016,-112.16094207763672,122.67912292480469,36.605674743652344,0.3214224576950073,0.6978307366371155,0.31442123651504517,0.6680726408958435,1,1,4.0905609130859375,4.2100830078125,,,
1.713568925857544,1,1,-73.7088851928711,93.64527893066406,566.3072509765625,-12.949695587158203,99.49140930175781,572.0203857421875,0.6839304566383362,0.19043244421482086,0.357421875,0.5302650928497314,0.17586423456668854,0.3615051209926605,1,1,-105.83934020996094,112.63600158691406,32.95024871826172,-110.0299072265625,122.49244689941406,36.5377311706543,0.32490283250808716,0.6995760798454285,0.3179546594619751,0.6686581373214722,1,1,4.0684814453125,4.192230224609375,,,
1.7245380878448486,1,1,-73.7088851928711,93.64527893066406,566.3072509765625,-12.950374603271484,99.48755645751953,572.0081176757812,0.6839304566383362,0.19043244421482086,0.357421875,0.5302675366401672,0.17586997151374817,0.3614797294139862,1,1,-105.83934020996094,112.63600158691406,32.95024871826172,-109.85028076171875,121.74091339111328,36.264198303222656,0.32490283250808716,0.6995760798454285,0.31825244426727295,0.6710155010223389,1,1,4.0684814453125,4.184783935546875,,,
1.7365093231201172,1,1,-73.720703125,93.64722442626953,566.354248046875,-12.95077896118164,99.49083709716797,572.0475463867188,0.6839450001716614,0.19045186042785645,0.35751745104789734,0.5302663445472717,0.17588184773921967,0.36155858635902405,1,1,-105.38928985595703,111.77376556396484,32.63644027709961,-109.61531829833984,122.05424499511719,36.37823486328125,0.32564911246299744,0.7022808194160461,0.3186420798301697,0.6700327396392822,1,1,4.0578155517578125,4.17596435546875,,,
1.7464795112609863,1,1,-73.74697875976562,93.62956237792969,566.5221557617188,-12.948478698730469,99.50546264648438,572.1731567382812,0.6839571595191956,0.19060416519641876,0.35784703493118286,0.5302537083625793,0.1759059578180313,0.36181092262268066,1,1,-104.42279815673828,113.94862365722656,33.42803955078125,-108.50225830078125,122.20088958740234,36.431610107421875,0.3272515833377838,0.6954587697982788,0.3204876184463501,0.669572651386261,1,1,4.0495758056640625,4.170135498046875,,,
1.7574505805969238,1,1,-73.74697875976562,93.62956237792969,566.5221557617188,-12.944276809692383,99.50640106201172,572.2001342773438,0.6839571595191956,0.19060416519641876,0.35784703493118286,0.5302417278289795,0.1759185791015625,0.3618641495704651,1,1,-104.42279815673828,113.94862365722656,33.42803955078125,-108.5295639038086,121.07198333740234,36.020721435546875,0.3272515833377838,0.6954587697982788,0.3204423785209656,0.6731138825416565,1,1,4.0495758056640625,4.15631103515625,,,
1.7694199085235596,1,1,-73.7489242553711,93.63312530517578,566.5530395507812,-12.931831359863281,99.5107421875,572.2249755859375,0.6839519739151001,0.1906093955039978,0.3579091727733612,0.5302093029022217,0.17591886222362518,0.3619139492511749,1,1,-103.56871032714844,112.90165710449219,33.046958923339844,-108.39018249511719,120.02202606201172,35.63857650756836,0.32866770029067993,0.6987428665161133,0.3206734359264374,0.6764074563980103,1,1,4.040679931640625,4.1608734130859375,,,
1.780390739440918,1,1,-73.72215270996094,93.64940643310547,566.6229858398438,-12.905220985412598,99.52359008789062,572.2777099609375,0.6838613748550415,0.1905946433544159,0.3580445647239685,0.5301398634910583,0.1759074330329895,0.3620211184024811,1,1,-103.82653045654297,112.36333465576172,32.85102081298828,-107.78568267822266,119.80396270751953,35.5591926574707,0.32824018597602844,0.7004315257072449,0.32167574763298035,0.6770915389060974,1,1,4.0314178466796875,4.1563720703125,,,
1.7903621196746826,1,1,-73.72215270996094,93.64940643310547,566.6229858398438,-12.887449264526367,99.5260009765625,572.2877197265625,0.6838613748550415,0.1905946433544159,0.3580445647239685,0.5300949811935425,0.1759057343006134,0.3620409071445465,1,1,-103.82653045654297,112.36333465576172,32.85102081298828,-107.38141632080078,119.3272705078125,35.38569259643555,0.32824018597602844,0.7004315257072449,0.322346031665802,0.6785867214202881,1,1,4.0314178466796875,4.144744873046875,,,
1.8033316135406494,1,1,-73.69039916992188,93.66242980957031,566.6473388671875,-12.86541748046875,99.5387191772461,572.3052978515625,0.6837731003761292,0.19056542217731476,0.3580883741378784,0.5300388336181641,0.1758742481470108,0.36207884550094604,1,1,-104.85279846191406,114.65098571777344,33.68366622924805,-107.59671020507812,119.2778549194336,35.36769485473633,0.3265385627746582,0.6932554244995117,0.3219890892505646,0.6787418723106384,1,1,4.0384674072265625,4.1375579833984375,,,
1.8133020401000977,1,1,-73.62980651855469,93.74286651611328,566.752685546875,-12.799606323242188,99.58218383789062,572.3853759765625,0.6835843920707703,0.1903560310602188,0.35830506682395935,0.5298696160316467,0.1757780760526657,0.36224865913391113,1,1,-104.27460479736328,113.05091857910156,33.10124588012695,-107.95162200927734,118.71630859375,35.1633186340332,0.327497273683548,0.6982746720314026,0.32140064239501953,0.6805033683776855,1,1,4.0306396484375,4.1326904296875,,,
1.824315071105957,1,1,-73.63130950927734,93.75065612792969,566.7763061523438,-12.771188735961914,99.6095199584961,572.4609985351562,0.6835803985595703,0.19034303724765778,0.35835424065589905,0.5297942161560059,0.1757318377494812,0.3624056279659271,1,1,-103.7376708984375,111.4962158203125,32.53538131713867,-108.9684066772461,117.2362289428711,34.62461471557617,0.328387588262558,0.7031516432762146,0.3197147250175476,0.6851459741592407,1,1,4.0279693603515625,4.1218719482421875,,,
1.8362410068511963,1,1,-73.62222290039062,93.78585815429688,566.9111328125,-12.743815422058105,99.638671875,572.583251953125,0.6835129857063293,0.19030055403709412,0.35862720012664795,0.5297190546989441,0.17570655047893524,0.3626554012298584,1,1,-103.08592987060547,111.412353515625,32.50485610961914,-108.61724090576172,117.08185577392578,34.56843185424805,0.3294681906700134,0.7034146785736084,0.3202969431877136,0.6856302618980408,1,1,4.0241546630859375,4.11199951171875,,,
1.8462145328521729,1,1,-73.57270812988281,93.8550033569336,567.21630859375,-12.681113243103027,99.69320678710938,572.8287963867188,0.683288037776947,0.19024045765399933,0.3592342436313629,0.5295489430427551,0.17566922307014465,0.3631550371646881,1,1,-104.44831085205078,112.63642120361328,32.95041275024414,-109.05669403076172,117.08493041992188,34.56953048706055,0.3272092938423157,0.699574887752533,0.31956833600997925,0.6856206059455872,1,1,4.0187530517578125,4.106201171875,,,
1.857198715209961,1,1,-73.56553649902344,93.85731506347656,567.2353515625,-12.652155876159668,99.70801544189453,572.9007568359375,0.6832637786865234,0.19024354219436646,0.35927051305770874,0.5294727683067322,0.17566250264644623,0.36330053210258484,1,1,-105.05644989013672,114.3083267211914,33.558937072753906,-109.9992446899414,116.20780181884766,34.25028610229492,0.3262009620666504,0.6943304538726807,0.3180055022239685,0.688372015953064,1,1,4.020538330078125,4.105072021484375,,,
1.8691513538360596,1,1,-73.54383850097656,93.86177825927734,567.2766723632812,-12.632116317749023,99.70616149902344,572.9328002929688,0.6831956505775452,0.19025228917598724,0.35934728384017944,0.5294212102890015,0.175687775015831,0.363362193107605,1,1,-105.29121398925781,113.67252349853516,33.3275260925293,-109.6620101928711,116.66127014160156,34.41532516479492,0.3258117139339447,0.6963248252868652,0.31856468319892883,0.686949610710144,1,1,4.011322021484375,4.1126708984375,,,
1.880122423171997,1,1,-73.46957397460938,93.83698272705078,567.1883544921875,-12.588834762573242,99.65982818603516,572.8643798828125,0.6830376386642456,0.1902882158756256,0.3591475784778595,0.5293177962303162,0.17580313980579376,0.36320960521698,1,1,-105.16839599609375,112.74503326416016,32.98995590209961,-108.80362701416016,117.56828308105469,34.745460510253906,0.32601532340049744,0.699234127998352,0.3199879229068756,0.6841044425964355,1,1,4.0035552978515625,4.10369873046875,,,
1.8900954723358154,1,1,-73.46957397460938,93.83698272705078,567.1883544921875,-12.575035095214844,99.63211059570312,572.8195190429688,0.6830376386642456,0.1902882158756256,0.3591475784778595,0.52928626537323,0.17586959898471832,0.36311107873916626,1,1,-105.16839599609375,112.74503326416016,32.98995590209961,-106.19149017333984,121.00068664550781,35.994754791259766,0.32601532340049744,0.699234127998352,0.32431891560554504,0.6733373999595642,1,1,4.0035552978515625,4.121734619140625,,,
1.903071641921997,1,1,-73.43661499023438,93.81438446044922,567.127685546875,-12.558160781860352,99.60459899902344,572.7684936523438,0.682974636554718,0.19033101201057434,0.359013170003891,0.5292474031448364,0.17593185603618622,0.3630004823207855,1,1,-105.75996398925781,113.61524963378906,33.30669403076172,-106.29818725585938,120.9009780883789,35.95848083496094,0.3250344693660736,0.6965044140815735,0.32414206862449646,0.6736502647399902,1,1,4.0106964111328125,4.113372802734375,,,
1.9140331745147705,1,1,-73.37930297851562,93.76907348632812,567.0336303710938,-12.513558387756348,99.54981994628906,572.693115234375,0.6828616261482239,0.19043207168579102,0.3587998151779175,0.5291411280632019,0.17607136070728302,0.3628312945365906,1,1,-105.93212127685547,112.8893814086914,33.04246139526367,-107.44625854492188,120.4786376953125,35.80476379394531,0.32474908232688904,0.6987813711166382,0.3222385346889496,0.6749750971794128,1,1,4.0055084228515625,4.1058807373046875,,,
